,Kasus baru,Total kasus,Kasus aktif,% kasus aktif,SembuhBaru,Sembuh,Tingkat kesembuhan (seluruh kasus),Tingkat kesembuhan (closed cases),MeninggalBaru,Meninggal,Tingkat kematian (seluruh kasus),Tingkat kematian (closed cases),Suspek aktif,Jumlah spesimen diperiksa (dari 1 April),Jumlah orang diperiksa,Negatif,Spesimen,Orang yang dites,Jumlah test/juta penduduk,Test/Positif,Jumlah org yg dites / positif,Jumlah Test/Positif harian,Positif / Jumlah Tes,Positive rate harian,Case Growth Rate,Positive rate mingguan,Jumlah spesimen diperiksa (rata-rata 7 hari),Jumlah orang diperiksa (rata-rata 7 hari),Rasio spesimen/orang diperiksa (rata-rata 7 hari),Test PCR Orang Nasional Rata-rata 7 hari,Pos Rate Nasional - rata-rata 7 hari,Test Orang DKI,Positif DKI,,Pos Rate DKI,Pos Rate DKI - 7 harian,NON DKI,Positif Non DKI,,Pos Rate Non DKI,Pos Rate Non DKI - 7 harian
02-Mar,2,2,2,100.00%,0,0,0.00%,0,0,0,0.00%,,,339,339,335,,,,169.5,169.5,0,0.59%,,,,,,,,,,,,,,,,,,
03-Mar,0,2,2,100.00%,0,0,0.00%,,0,0,0.00%,,,341,341,337,,2,,170.5,170.5,#DIV/0!,0.59%,0.00%,0.00%,,,,,,,,,,,,,,,,
04-Mar,0,2,2,100.00%,0,0,0.00%,,0,0,0.00%,,,372,372,356,,31,,186,186,#DIV/0!,0.54%,0.00%,0.00%,,,,,,,,,,,,,,,,
05-Mar,0,2,2,100.00%,0,0,0.00%,,0,0,0.00%,,,388,388,371,,16,,194,194,#DIV/0!,0.52%,0.00%,0.00%,,,,,,,,,,,,,,,,
06-Mar,2,4,4,100.00%,0,0,0.00%,,0,0,0.00%,,,450,450,422,,62,,112.5,112.5,31,0.89%,3.77%,100.00%,,,,,,,,,,,,,,,,
07-Mar,0,4,4,100.00%,0,0,0.00%,,0,0,0.00%,,,454,454,422,,4,,113.5,113.5,#DIV/0!,0.88%,0.00%,0.00%,,,,,,,,,,,,,,,,
08-Mar,2,6,6,100.00%,0,0,0.00%,,0,0,0.00%,,,483,483,445,,29,,80.5,80.5,14.5,1.24%,8.00%,50.00%,,,,,,,,,,,,,,,,
09-Mar,13,19,19,100.00%,0,0,0.00%,,0,0,0.00%,,,543,543,487,,60,,28.58,28.58,4.62,3.50%,23.64%,216.67%,,,,,,,,,,,,,,,,
10-Mar,8,27,27,100.00%,0,0,0.00%,,0,0,0.00%,,,694,694,648,,151,,25.7,25.7,18.88,3.89%,4.73%,42.11%,,,,,,,,,,,,,,,,
12-Mar,0,34,27,79.41%,1,3,8.82%,42.86%,2,4,11.76%,57.14%,,862,862,811,,168,,25.35,25.35,#DIV/0!,3.94%,#REF!,#REF!,,,,,,,,,,,,,,,,
13-Mar,35,69,60,86.96%,2,5,7.25%,55.56%,0,4,5.80%,44.44%,,"1,005",1005,917,,143,4,14.57,14.57,4.09,6.87%,24.82%,102.94%,9.72%,,,,,,,,,,,,,,,
14-Mar,27,96,83,86.46%,3,8,8.33%,61.54%,1,5,5.21%,38.46%,,"1,205",1205,"1,109",,200,4,12.55,12.55,7.41,7.97%,12.33%,39.13%,11.26%,,,,,,,,,,,,,,,
15-Mar,21,117,104,88.89%,0,8,6.84%,61.54%,0,5,4.27%,38.46%,,"1,293",1293,"1,167",,88,5,11.05,11.05,4.19,9.05%,26.58%,21.88%,12.63%,,,,,,,,,,,,,,,
16-Mar,17,134,121,90.30%,0,8,5.97%,61.54%,0,5,3.73%,38.46%,,"1,230",1230,"1,083",,,5,9.18,9.18,0,10.89%,,14.53%,14.94%,,,,,,,,,,,,,,,
17-Mar,38,172,156,90.70%,1,9,5.23%,56.25%,2,7,4.07%,43.75%,,"1,372",1372,"1,178",,120,5,7.98,7.98,3.16,12.54%,28.57%,28.36%,16.78%,,,,,,,,,,,,,,,
18-Mar,55,227,197,86.78%,2,11,4.85%,36.67%,12,19,8.37%,63.33%,,"1,592",1592,"1,342",,197,6,7.01,7.01,3.58,14.26%,25.11%,31.98%,21.07%,,,,,,,,,,,,,,,
19-Mar,82,309,269,87.06%,4,15,4.85%,37.50%,6,25,8.09%,62.50%,,"1,898",1898,"1,570",,287,7,6.14,6.14,3.5,16.28%,26.45%,36.12%,26.57%,,,,,,,,,,,,,,,
20-Mar,60,369,321,86.99%,1,16,4.34%,33.33%,7,32,8.67%,66.67%,,"2,028",2028,"1,643",,112,8,5.5,5.5,1.87,18.20%,45.80%,19.42%,29.88%,,,,,,,,,,,,,,,
21-Mar,81,450,392,87.11%,4,20,4.44%,34.48%,6,38,8.44%,65.52%,,"2,365",2365,"1,895",,317,9,5.26,5.26,3.91,19.03%,24.18%,21.95%,31.58%,,,,,,,,,,,,,,,
22-Mar,64,514,437,85.02%,9,29,5.64%,37.66%,10,48,9.34%,62.34%,,"2,438",2438,"1,904",,53,9,4.74,4.74,0.83,21.08%,87.67%,14.22%,36.56%,,,,,,,,,,,,,,,
23-Mar,65,579,500,86.36%,1,30,5.18%,37.97%,1,49,8.46%,62.03%,,"2,756",2756,"2,177",,318,10,4.76,4.76,4.89,21.01%,19.23%,12.65%,31.70%,,,,,,,,,,,,,,,
24-Mar,106,685,600,87.59%,0,30,4.38%,35.29%,6,55,8.03%,64.71%,,"3,332",3332,"2,625",,554,12,4.86,4.86,5.23,20.56%,19.13%,18.31%,27.91%,,,,,,,,,,,,,,,
25-Mar,105,790,701,88.73%,1,31,3.92%,34.83%,3,58,7.34%,65.17%,,"3,822",3822,"3,032",,490,14,4.84,4.84,4.67,20.67%,20.51%,15.33%,26.42%,,,,,,,,,,,,,,,
26-Mar,103,893,780,87.35%,4,35,3.92%,30.97%,20,78,8.73%,69.03%,,"4,336",4336,"3,443",,514,16,4.86,4.86,4.99,20.60%,20.04%,13.04%,24.77%,,,,,,,,,,,,,,,
27-Mar,153,1046,913,87.28%,11,46,4.40%,34.59%,9,87,8.32%,65.41%,,"5,775",5775,"4,729",,1439,21,5.52,5.52,9.41,18.11%,10.63%,17.13%,18.37%,,,,,,,,,,,,,,,
28-Mar,109,1155,994,86.06%,13,59,5.11%,36.65%,15,102,8.83%,63.35%,,"6,266",6266,"5,111",,491,23,5.43,5.43,4.5,18.43%,22.20%,10.42%,18.27%,,,,,,,,,,,,,,,
29-Mar,130,1285,"1,107",86.15%,5,64,4.98%,35.96%,12,114,8.87%,64.04%,,"6,534",6534,"5,249",,268,24,5.08,5.08,2.06,19.67%,48.51%,11.26%,18.92%,,,,,,,,,,,,,,,
30-Mar,129,1414,"1,217",86.07%,11,75,5.30%,38.07%,8,122,8.63%,61.93%,,"6,663",6663,"5,249",,129,25,4.71,4.71,1,21.22%,100.00%,10.04%,21.49%,,,,,,,,,,,,,,,
31-Mar,114,1528,"1,311",85.80%,6,81,5.30%,37.33%,14,136,8.90%,62.67%,,"6,777",6777,"5,249",,114,25,4.44,4.44,1,22.55%,100.00%,8.06%,24.47%,,,,,,,,,,,,,,,
01-Apr,149,1677,"1,417",84.50%,22,103,6.14%,39.62%,21,157,9.36%,60.38%,,"7,193",7193,"5,516",,416,27,4.29,4.29,2.79,23.31%,35.82%,9.75%,26.31%,,,,,,,,,,,,,,,
02-Apr,113,1790,"1,508",84.25%,9,112,6.26%,39.72%,13,170,9.50%,60.28%,,"7,425",7425,"5,635",,232,28,4.15,4.15,2.05,24.11%,48.71%,6.74%,29.04%,,,,,,,,,,,,,,,
03-Apr,196,1986,"1,671",84.14%,22,134,6.75%,42.54%,11,181,9.11%,57.46%,,"7,986",7986,"5,715",,561,30,4.02,4.02,2.86,24.87%,71.01%,10.95%,42.51%,,,,,,,,,,,,,,,
04-Apr,106,2092,"1,751",83.70%,16,150,7.17%,43.99%,10,191,9.13%,56.01%,,"9,712",9712,"7,620",,1726,36,4.64,4.64,16.28,21.54%,5.27%,5.34%,27.19%,,,,,,,,,,,,,,,
05-Apr,181,2273,"1,911",84.07%,14,164,7.22%,45.30%,7,198,8.71%,54.70%,,"11,242",11242,"8,969",,1530,42,4.95,4.95,8.45,20.22%,11.83%,8.65%,20.99%,,,,,,,,,,,,,,,
06-Apr,218,2491,"2,090",83.90%,28,192,7.71%,47.88%,11,209,8.39%,52.12%,,"13,186",13186,"10,695",,1944,49,5.29,5.29,8.92,18.89%,11.21%,9.59%,16.51%,,,,,,,,,,,,,,,
07-Apr,247,2738,"2,313",84.48%,12,204,7.45%,48.00%,12,221,8.07%,52.00%,,"14,353",14353,"11,615",,1167,53,5.24,5.24,4.72,19.08%,21.17%,9.92%,15.97%,,,,,,,,,,,,,,,
08-Apr,218,2956,"2,494",84.37%,18,222,7.51%,48.05%,19,240,8.12%,51.95%,,"16,511",16511,"13,555",,2158,61,5.59,5.59,9.9,17.90%,10.10%,7.96%,13.73%,,,,,,,,,,,,,,,
09-Apr,337,3293,"2,761",83.84%,30,252,7.65%,47.37%,40,280,8.50%,52.63%,,"17,679",17679,"14,386",,1168,65,5.37,5.37,3.47,18.63%,28.85%,11.40%,14.66%,,,,,,,,,,,,,,,
10-Apr,219,3512,"2,924",83.26%,30,282,8.03%,47.96%,26,306,8.71%,52.04%,,"19,452",19452,"15,940",,1773,72,5.54,5.54,8.1,18.05%,12.35%,6.65%,13.31%,,,,,,,,,,,,,,,
11-Apr,330,3842,"3,229",84.04%,4,286,7.44%,46.66%,21,327,8.51%,53.34%,,"19,964",19964,"16,122",,512,74,5.2,5.2,1.55,19.24%,64.45%,9.40%,17.07%,,,,,,,,,,,,,,,
12-Apr,399,4241,"3,509",82.74%,73,359,8.46%,49.04%,46,373,8.80%,50.96%,,"27,075",27075,"22,834",,7111,100,6.38,6.38,17.82,15.66%,5.61%,10.39%,12.43%,,,,,,,,,,,,,,,
13-Apr,316,4557,"3,778",82.91%,21,380,8.34%,48.78%,26,399,8.76%,51.22%,,"27,953",27953,"23,396",,878,104,6.13,6.13,2.78,16.30%,35.99%,7.45%,13.99%,,,,,,,,,,,,,,,
14-Apr,282,4839,"3,954",81.71%,46,426,8.80%,48.14%,60,459,9.49%,51.86%,,"31,628",31628,"26,789",,3675,117,6.54,6.54,13.03,15.30%,7.67%,6.19%,12.16%,,,,,,,,,,,,,,,
15-Apr,297,5136,"4,221",82.18%,20,446,8.68%,48.74%,10,469,9.13%,51.26%,,"36,431",33001,"27,865",,1373,122,7.09,6.43,4.62,15.56%,21.63%,6.14%,13.22%,,,,,,,,,,,,,,,
16-Apr,380,5516,"4,472",81.07%,102,548,9.93%,52.49%,27,496,8.99%,47.51%,,"39,706",34975,"29,459","3,275",1974,130,7.2,6.34,5.19,15.77%,19.25%,7.40%,12.85%,,,,,,,,,,,,,,,
17-Apr,407,5923,"4,796",80.97%,59,607,10.25%,53.86%,24,520,8.78%,46.14%,,"42,108",37134,"31,211","2,402",2159,138,7.11,6.27,5.3,15.95%,18.85%,7.38%,13.64%,,,,,,,,,,,,,,,
18-Apr,325,6248,"5,082",81.34%,24,631,10.10%,54.12%,15,535,8.56%,45.88%,,"45,378",39422,"33,174","3,270",2288,146,7.26,6.31,7.04,15.85%,14.20%,5.49%,12.37%,,,,,,,,,,,,,,,
19-Apr,327,6575,"5,307",80.71%,55,686,10.43%,54.10%,47,582,8.85%,45.90%,,"47,478",42219,"35,644","2,100",2797,156,7.22,6.42,8.55,15.57%,11.69%,5.23%,15.41%,,,,,,,,,,,,,,,
20-Apr,185,6760,"5,423",80.22%,61,747,11.05%,55.87%,8,590,8.73%,44.13%,,"49,767",43749,"36,989","2,289",1530,162,7.36,6.47,8.27,15.45%,12.09%,2.81%,13.95%,,,,,,,,,,,,,,,
21-Apr,375,7135,"5,677",79.57%,95,842,11.80%,57.75%,26,616,8.63%,42.25%,,"50,370",46173,"39,038",603,2424,171,7.06,6.47,6.46,15.45%,15.47%,5.55%,15.79%,,,,,,,,,,,,,,,
22-Apr,283,7418,"5,869",79.12%,71,913,12.31%,58.94%,20,636,8.57%,41.06%,,"55,732",47361,"39,943","5,362",1188,175,7.51,6.38,4.2,15.66%,23.82%,3.97%,15.89%,"2,757",2051,1.34,,,,,,,,,,,,
23-Apr,357,7775,"6,168",79.33%,47,960,12.35%,59.74%,11,647,8.32%,40.26%,,"59,935",48647,"40,872","4,203",1286,180,7.71,6.26,3.6,15.98%,27.76%,4.81%,16.52%,"2,890",1953,1.48,,,,,,,,,,,,
24-Apr,436,8211,"6,520",79.41%,42,"1,002",12.20%,59.25%,42,689,8.39%,40.75%,,"64,054",50563,"42,352","4,119",1916,187,7.8,6.16,4.39,16.24%,22.76%,5.61%,17.04%,"3,135",1918,1.63,,,,,,,,,,,,
25-Apr,396,8607,"6,845",79.53%,40,"1,042",12.11%,59.14%,31,720,8.37%,40.86%,,"67,828",52541,"43,934","3,774",1978,195,7.88,6.1,4.99,16.38%,20.02%,4.82%,17.98%,"3,207",1874,1.71,,,,,,,,,,,,
26-Apr,275,8882,"7,032",79.17%,65,"1,107",12.46%,59.84%,23,743,8.37%,40.16%,,"72,099",56974,"48,092","4,271",4433,211,8.12,6.41,16.12,15.59%,6.20%,3.20%,15.64%,"3,517",2108,1.67,,,,,,,,,,,,
27-Apr,214,9096,"7,180",78.94%,44,"1,151",12.65%,60.07%,22,765,8.41%,39.93%,,"75,157",59409,"50,313","3,058",2435,220,8.26,6.53,11.38,15.31%,8.79%,2.41%,14.92%,"3,627",2237,1.62,,,,,,,,,,,,
28-Apr,415,9511,"7,484",78.69%,103,"1,254",13.18%,61.86%,8,773,8.13%,38.14%,,"79,618",62544,"53,033","4,461",3135,232,8.37,6.58,7.55,15.21%,13.24%,4.56%,14.51%,"4,178",2339,1.79,,,,,,,,,,,,
29-Apr,260,9771,"7,596",77.74%,137,"1,391",14.24%,63.95%,11,784,8.02%,36.05%,,"86,985",67784,"58,013","7,367",5240,251,8.9,6.94,20.15,14.41%,4.96%,2.73%,11.52%,"4,465",2918,1.53,,,,,,,,,,,,
30-Apr,347,10118,"7,804",77.13%,131,"1,522",15.04%,65.77%,8,792,7.83%,34.23%,,"94,599",72351,"62,233","7,614",4567,268,9.35,7.15,13.16,13.98%,7.60%,3.55%,9.88%,"4,952",3386,1.46,,,,,,,,,,,,
01-May,433,10551,"8,160",77.34%,69,"1,591",15.08%,66.54%,8,800,7.58%,33.46%,,"102,305",76538,"65,987","7,706",4187,283,9.7,7.25,9.67,13.79%,10.34%,4.28%,9.01%,"5,464",3711,1.47,,,,,,,,,,,,
02-May,292,10843,"8,347",76.98%,74,"1,665",15.36%,66.71%,31,831,7.66%,33.29%,,"107,943",79868,"69,025","5,638",3330,296,9.96,7.37,11.4,13.58%,8.77%,2.77%,8.18%,"5,731",3904,1.47,,,,,,,,,,,,
03-May,349,11192,"8,471",75.69%,211,"1,876",16.76%,68.95%,14,845,7.55%,31.05%,,"112,965",83012,"71,820","5,022",3144,307,10.09,7.42,9.01,13.48%,11.10%,3.22%,8.87%,"5,838",3720,1.57,,,,,,,,,,,,
04-May,395,11587,"8,769",75.68%,78,"1,954",16.86%,69.34%,19,864,7.46%,30.66%,,"116,861",86061,"74,474","3,896",3049,319,10.09,7.43,7.72,13.46%,12.96%,3.53%,9.35%,"5,958",3807,1.56,,,,,,,,,,,,
05-May,484,12071,"9,002",74.58%,243,"2,197",18.20%,71.59%,8,872,7.22%,28.41%,,"121,547",88924,"76,853","4,686",2863,329,10.07,7.37,5.92,13.57%,16.91%,4.18%,9.70%,"5,990",3769,1.59,,,,,,,,,,,,
06-May,367,12438,"9,226",74.18%,120,"2,317",18.63%,72.14%,23,895,7.20%,27.86%,,"128,383",92976,"80,538","6,836",4052,344,10.32,7.48,11.04,13.38%,9.06%,3.04%,10.59%,"5,914",3599,1.64,,,,,,,,,,,,
07-May,338,12776,"9,465",74.08%,64,"2,381",18.64%,71.91%,35,930,7.28%,28.09%,,"134,151",96717,"83,941","5,768",3741,358,10.5,7.57,11.07,13.21%,9.04%,2.72%,10.91%,"5,650",3481,1.62,,,,,,,,,,,,
08-May,336,13112,"9,675",73.79%,113,"2,494",19.02%,72.56%,13,943,7.19%,27.44%,,"143,452",103361,"90,249","9,301",6644,383,10.94,7.88,19.77,12.69%,5.06%,2.63%,9.55%,"5,878",3832,1.53,,,,,,,,,,,,
09-May,533,13645,"10,079",73.87%,113,"2,607",19.11%,73.11%,16,959,7.03%,26.89%,,"150,887",108699,"95,054","7,435",5338,403,11.06,7.97,10.02,12.55%,9.99%,4.06%,9.72%,"6,135",4119,1.49,,,,,,,,,,,,
10-May,387,14032,"10,361",73.84%,91,"2,698",19.23%,73.49%,14,973,6.93%,26.51%,,"158,273",113452,"99,420","7,386",4753,420,11.28,8.09,12.28,12.37%,8.14%,2.84%,9.33%,"6,473",4349,1.49,,,,,,,,,,,,
11-May,233,14265,"10,393",72.86%,183,"2,881",20.20%,74.41%,18,991,6.95%,25.59%,,"161,351",116358,"102,093","3,078",2906,431,11.31,8.16,12.47,12.26%,8.02%,1.66%,8.84%,"6,356",4328,1.47,4328,8.84%,,,,,,,,,,
12-May,484,14749,"10,679",72.40%,182,"3,063",20.77%,75.26%,16,"1,007",6.83%,24.74%,,"165,128",119728,"104,979","3,777",3370,443,11.2,8.12,6.96,12.32%,14.36%,3.39%,8.69%,"6,226",4401,1.41,4401,8.69%,,,,,,,,,,
13-May,689,15438,"11,123",72.05%,224,"3,287",21.29%,76.18%,21,"1,028",6.66%,23.82%,,"169,195",123572,"108,134","4,067",3844,458,10.96,8,5.58,12.49%,17.92%,4.67%,9.81%,"5,830",4371,1.33,4371,9.81%,,,,,,,,,,
14-May,568,16006,"11,445",71.50%,231,"3,518",21.98%,77.13%,15,"1,043",6.52%,22.87%,,"173,690",127813,"111,807","4,495",4241,473,10.85,7.99,7.47,12.52%,13.39%,3.68%,10.39%,"5,648",4442,1.27,4442,10.39%,,,,,,,,,,
15-May,490,16496,"11,617",70.42%,285,"3,803",23.05%,77.95%,33,"1,076",6.52%,22.05%,,"178,602",132060,"115,564","4,912",4247,489,10.83,8.01,8.67,12.49%,11.54%,3.06%,11.79%,"5,021",4100,1.22,4100,11.79%,1887,62,"1,887",3.29%,3.29%,2360,428,"2,360",18.14%,18.14%
16-May,529,17025,"12,025",70.63%,108,"3,911",22.97%,78.22%,13,"1,089",6.40%,21.78%,,"182,818",135725,"118,700","4,216",3665,503,10.74,7.97,6.93,12.54%,14.43%,3.21%,12.51%,"4,562",3861,1.18,3861,12.51%,1065,116,"1,476",10.89%,6.03%,2600,413,"2,480",15.88%,16.96%
17-May,489,17514,"12,237",69.87%,218,"4,129",23.58%,78.25%,59,"1,148",6.55%,21.75%,,"187,965",140473,"122,959","5,147",4748,520,10.73,8.02,9.71,12.47%,10.30%,2.87%,12.89%,"4,242",3860,1.1,3860,12.89%,1378,127,"1,443",9.22%,7.04%,3370,362,"2,777",10.74%,14.44%
18-May,496,18010,"12,495",69.38%,195,"4,324",24.01%,78.40%,43,"1,191",6.61%,21.60%,"56,469","190,660",143035,"125,025","2,695",2562,530,10.59,7.94,5.17,12.59%,19.36%,2.83%,14.04%,"4,187",3811,1.1,3811,14.04%,1180,88,"1,378",7.46%,7.13%,1382,408,"2,428",29.52%,16.59%
19-May,486,18496,"12,808",69.25%,143,"4,467",24.15%,78.53%,30,"1,221",6.60%,21.47%,"57,191","202,936",147799,"129,303","12,276",4764,547,10.97,7.99,9.8,12.51%,10.20%,2.70%,13.35%,"5,401",4010,1.35,4010,13.35%,1193,43,"1,341",3.60%,6.50%,3571,443,"2,657",12.41%,15.46%
20-May,693,19189,"13,372",69.69%,108,"4,575",23.84%,78.65%,21,"1,242",6.47%,21.35%,"56,408","211,883",154139,"134,950","8,947",6340,571,11.04,8.03,9.15,12.45%,10.93%,3.75%,12.27%,"6,098",4367,1.4,4367,12.27%,1080,97,"1,297",8.98%,6.85%,5260,596,"3,091",11.33%,14.29%
21-May,973,20162,"14,046",69.67%,263,"4,838",24.00%,79.10%,36,"1,278",6.34%,20.90%,"61,253","219,975",160374,"140,212","8,092",6235,594,10.91,7.95,6.41,12.57%,15.61%,5.07%,12.76%,"6,612",4652,1.42,4652,12.76%,1252,70,"1,291",5.59%,6.67%,4983,903,"3,361",18.12%,15.10%
22-May,634,20796,"14,413",69.31%,219,"5,057",24.32%,79.23%,48,"1,326",6.38%,20.77%,"58,178","229,334",168969,"148,173","9,359",8595,626,11.03,8.13,13.56,12.31%,7.38%,3.14%,11.65%,"7,247",5273,1.37,5273,11.65%,1029,96,"1,168",9.33%,7.79%,7566,538,"4,105",7.11%,12.75%
23-May,949,21745,"15,145",69.65%,192,"5,249",24.14%,79.53%,25,"1,351",6.21%,20.47%,"61,453","239,740",176035,"154,290","10,406",7066,652,11.03,8.1,7.45,12.35%,13.43%,4.56%,11.71%,"8,132",5759,1.41,5759,11.71%,1496,127,"1,230",8.49%,7.53%,5570,822,"4,529",14.76%,12.84%
24-May,526,22271,"15,497",69.58%,153,"5,402",24.26%,79.75%,21,"1,372",6.16%,20.25%,"53,940","248,555",179864,"157,593","8,815",3829,666,11.16,8.08,7.28,12.38%,13.74%,2.42%,12.08%,"8,656",5627,1.54,5627,12.08%,1393,118,"1,232",8.47%,7.41%,2436,408,"4,395",16.75%,13.38%
25-May,479,22750,"15,717",69.09%,240,"5,642",24.80%,80.22%,19,"1,391",6.11%,19.78%,"61,703","256,946",183192,"160,442","8,391",3328,678,11.29,8.05,6.95,12.42%,14.39%,2.15%,11.80%,"9,469",5737,1.65,5737,11.80%,402,67,"1,121",16.67%,7.88%,2926,412,"4,616",14.08%,12.76%
26-May,415,23165,"15,870",68.51%,235,"5,877",25.37%,80.56%,27,"1,418",6.12%,19.44%,"77,770","264,098",188302,"165,137","7,152",5110,697,11.4,8.13,12.31,12.30%,8.12%,1.82%,11.53%,"8,737",5786,1.51,5786,11.53%,851,93,"1,072",10.93%,8.90%,4259,322,"4,714",7.56%,12.12%
27-May,686,23851,"16,321",68.43%,180,"6,057",25.40%,80.44%,55,"1,473",6.18%,19.56%,"62,609","278,411",195518,"171,667","14,313",7216,724,11.67,8.2,10.52,12.20%,9.51%,2.96%,11.27%,"9,504",5911,1.61,5911,11.27%,882,105,"1,044",11.90%,9.25%,6334,581,"4,868",9.17%,11.70%
28-May,687,24538,"16,802",68.47%,183,"6,240",25.43%,80.66%,23,"1,496",6.10%,19.34%,"61,999","289,906",201311,"176,773","11,495",5793,746,11.81,8.2,8.43,12.19%,11.86%,2.88%,10.69%,"9,990",5848,1.71,5848,10.69%,1061,103,"1,016",9.71%,9.97%,4732,584,"4,832",12.34%,10.84%
29-May,678,25216,"17,204",68.23%,252,"6,492",25.75%,81.03%,24,"1,520",6.03%,18.97%,"61,711","300,545",205165,"179,949","10,639",3854,760,11.92,8.14,5.68,12.29%,17.59%,2.76%,12.21%,"10,173",5171,1.97,5171,12.21%,1183,124,"1,038",10.48%,10.14%,2671,554,"4,133",20.74%,12.73%
30-May,557,25773,"17,185",66.68%,523,"7,015",27.22%,81.68%,53,"1,573",6.10%,18.32%,"60,546","311,906",216769,"190,996","11,361",11604,803,12.1,8.41,20.83,11.89%,4.80%,2.21%,9.89%,"10,309",5819,1.77,5819,9.89%,1854,100,"1,089",5.39%,9.31%,9750,457,"4,730",4.69%,10.02%
31-May,700,26473,"17,552",66.30%,293,"7,308",27.61%,81.92%,40,"1,613",6.09%,18.08%,"62,849","323,376",223624,"197,151","11,470",6855,828,12.22,8.45,9.79,11.84%,10.21%,2.72%,9.60%,"10,689",6251,1.71,6251,9.60%,1295,119,"1,075",9.19%,9.44%,5560,581,"5,176",10.45%,9.64%
01-Jun,467,26940,"17,662",65.56%,329,"7,637",28.35%,82.31%,28,"1,641",6.09%,17.69%,"61,478","333,415",232113,"205,173","10,039",8489,860,12.38,8.62,18.18,11.61%,5.50%,1.76%,8.56%,"10,924",6989,1.56,6989,8.56%,1607,111,"1,248",6.91%,8.65%,6882,356,"5,741",5.17%,8.55%
02-Jun,609,27549,"17,951",65.16%,298,"7,935",28.80%,82.67%,22,"1,663",6.04%,17.33%,"61,236","342,464",237947,"210,398","9,049",5834,881,12.43,8.64,9.58,11.58%,10.44%,2.26%,8.83%,"11,195",7092,1.58,7092,8.83%,1008,73,"1,270",7.24%,8.27%,4826,536,"5,822",11.11%,8.95%
03-Jun,684,28233,"18,129",64.21%,471,"8,406",29.77%,83.19%,35,"1,698",6.01%,16.81%,"61,438","354,434",246433,"218,200","11,970",8486,913,12.55,8.73,12.41,11.46%,8.06%,2.48%,8.61%,"10,860",7274,1.49,7274,8.61%,1135,83,"1,306",7.31%,7.80%,7351,601,"5,967",8.18%,8.78%
04-Jun,585,28818,"18,205",63.17%,486,"8,892",30.86%,83.78%,23,"1,721",5.97%,16.22%,"60,789","367,640",251736,"222,918","13,206",5303,932,12.76,8.74,9.06,11.45%,11.03%,2.07%,8.49%,"11,105",7204,1.54,7204,8.49%,1078,62,"1,309",5.75%,7.34%,4225,523,"5,895",12.38%,8.74%
05-Jun,703,29521,"18,308",62.02%,551,"9,443",31.99%,84.21%,49,"1,770",6.00%,15.79%,"62,912","380,973",256810,"227,289","13,333",5074,951,12.91,8.7,7.22,11.50%,13.85%,2.44%,8.34%,"11,490",7378,1.56,7378,8.34%,1771,83,"1,393",4.69%,6.47%,3303,620,"5,985",18.77%,8.77%
06-Jun,993,30514,"18,806",61.63%,464,"9,907",32.47%,84.62%,31,"1,801",5.90%,15.38%,"59,918","394,068",264740,"234,226","13,095",7930,981,12.91,8.68,7.99,11.53%,12.52%,3.36%,9.88%,"11,737",6853,1.71,6853,9.88%,1052,102,"1,278",9.70%,7.08%,6878,891,"5,575",12.95%,10.53%
07-Jun,672,31186,"18,837",60.40%,591,"10,498",33.66%,85.01%,50,"1,851",5.94%,14.99%,"54,567","405,992",269146,"237,960","11,924",4406,997,13.02,8.63,6.56,11.59%,15.25%,2.20%,10.35%,"11,802",6503,1.81,6503,10.35%,1831,160,"1,355",8.74%,7.11%,2575,512,"5,149",19.88%,11.21%
08-Jun,847,32033,"19,246",60.08%,406,"10,904",34.04%,85.27%,32,"1,883",5.88%,14.73%,"52,801","412,980",274430,"242,397","6,988",5284,"1,016",12.89,8.57,6.24,11.67%,16.03%,2.72%,12.04%,"11,366",6045,1.88,6045,12.04%,1920,96,"1,399",5.00%,6.73%,3364,751,"4,646",22.32%,13.63%
09-Jun,1043,33076,"19,739",59.68%,510,"11,414",34.51%,85.58%,40,"1,923",5.81%,14.42%,"52,502","429,161",281653,"248,577","16,181",7223,"1,043",12.97,8.52,6.93,11.74%,14.44%,3.26%,12.65%,"12,385",6244,1.98,6244,12.65%,1762,194,"1,507",11.01%,7.39%,5461,849,"4,737",15.55%,14.32%
10-Jun,1240,34316,"20,228",58.95%,715,"12,129",35.35%,86.09%,36,"1,959",5.71%,13.91%,"58,187","446,918",287478,"253,162","17,757",5825,"1,065",13.02,8.38,4.7,11.94%,21.29%,3.75%,14.82%,"13,212",5864,2.25,5864,14.82%,2098,147,"1,645",7.01%,7.33%,3727,1093,"4,219",29.33%,17.74%
11-Jun,979,35295,"20,659",58.53%,507,"12,636",35.80%,86.34%,41,"2,000",5.67%,13.66%,"57,466","463,620",294671,"259,376","16,702",7193,"1,091",13.14,8.35,7.35,11.98%,13.61%,2.85%,15.09%,"13,711",6134,2.24,6134,15.09%,3372,216,"1,972",6.41%,7.23%,3821,763,"4,161",19.97%,18.81%
12-Jun,1111,36406,"21,145",58.08%,577,"13,213",36.29%,86.58%,48,"2,048",5.63%,13.42%,"51,461","478,953",302147,"265,741","15,333",7476,"1,119",13.16,8.3,6.73,12.05%,14.86%,3.15%,15.19%,"13,997",6477,2.16,6477,15.19%,1387,76,"1,917",5.48%,7.38%,6089,1035,"4,559",17.00%,18.47%
13-Jun,1014,37420,"21,553",57.60%,563,"13,776",36.81%,86.82%,43,"2,091",5.59%,13.18%,"56,028","495,527",313275,"275,855","16,574",11128,"1,160",13.24,8.37,10.97,11.94%,9.11%,2.79%,14.23%,"14,494",6934,2.09,6934,14.23%,3394,33,"2,252",0.97%,5.85%,7734,981,"4,682",12.68%,18.26%
14-Jun,857,38277,"21,612",56.46%,755,"14,531",37.96%,87.19%,43,"2,134",5.58%,12.81%,"55,213","514,287",322933,"284,656","18,760",9658,"1,196",13.44,8.44,11.27,11.85%,8.87%,2.29%,13.18%,"15,471",7684,2.01,7684,13.18%,3308,115,"2,463",3.48%,5.09%,6350,742,"5,221",11.69%,17.00%
15-Jun,1017,39294,"21,973",55.92%,592,"15,123",38.49%,87.31%,64,"2,198",5.59%,12.69%,"50,393","523,063",329190,"289,896","8,776",6257,"1,219",13.31,8.38,6.15,11.94%,16.25%,2.66%,13.26%,"15,726",7823,2.01,7823,13.26%,1693,105,"2,431",6.20%,5.21%,4564,912,"5,392",19.98%,16.89%
16-Jun,1106,40400,"22,466",55.61%,580,"15,703",38.87%,87.56%,33,"2,231",5.52%,12.44%,"42,634","540,115",339309,"298,909","17,052",10119,"1,257",13.37,8.4,9.15,11.91%,10.93%,2.81%,12.70%,"15,851",8237,1.92,8237,12.70%,2823,94,"2,582",3.33%,4.35%,7296,1012,"5,654",13.87%,16.52%
17-Jun,1031,41431,"22,912",55.30%,540,"16,243",39.20%,87.71%,45,"2,276",5.49%,12.29%,"55,993","559,872",348278,"306,847","19,757",8969,"1,290",13.51,8.41,8.7,11.90%,11.50%,2.55%,11.70%,"16,136",8686,1.86,8686,11.70%,2872,147,"2,693",5.12%,4.17%,6097,884,"5,993",14.50%,15.09%
18-Jun,1331,42762,"23,625",55.25%,555,"16,798",39.28%,87.78%,63,"2,339",5.47%,12.22%,"54,621","580,522",358659,"315,897","20,650",10381,"1,328",13.58,8.39,7.8,11.92%,12.82%,3.21%,11.67%,"16,700",9141,1.83,9141,11.67%,3739,176,"2,745",4.71%,3.88%,6642,1155,"6,396",17.39%,15.01%
19-Jun,1041,43803,"24,081",54.98%,551,"17,349",39.61%,87.97%,34,"2,373",5.42%,12.03%,"49,675","601,239",366581,"322,778","20,717",7922,"1,358",13.73,8.37,7.61,11.95%,13.14%,2.43%,11.48%,"17,469",9205,1.9,9205,11.48%,3195,140,"3,003",4.38%,3.85%,4727,901,"6,201",19.06%,15.17%
20-Jun,1226,45029,"24,717",54.89%,534,"17,883",39.71%,88.04%,56,"2,429",5.39%,11.96%,"50,486","621,156",374458,"329,429","19,917",7877,"1,387",13.79,8.32,6.42,12.03%,15.56%,2.80%,12.44%,"17,947",8740,2.05,8740,12.44%,3578,178,"3,030",4.97%,4.50%,4299,1048,"5,711",24.38%,16.65%
21-Jun,862,45891,"25,022",54.52%,521,"18,404",40.10%,88.19%,36,"2,465",5.37%,11.81%,"69,661","639,385",383105,"337,214","18,229",8647,"1,419",13.93,8.35,10.03,11.98%,9.97%,1.91%,12.65%,"17,871",8596,2.08,8596,12.65%,2791,127,"2,956",4.55%,4.67%,5856,735,"5,640",12.55%,16.84%
22-Jun,954,46845,"25,610",54.67%,331,"18,735",39.99%,88.23%,35,"2,500",5.34%,11.77%,"56,499","650,311",393117,"346,272","10,926",10012,"1,456",13.88,8.39,10.49,11.92%,9.53%,2.08%,11.81%,"18,178",9132,1.99,9132,11.81%,2635,127,"3,090",4.82%,4.57%,7377,827,"6,042",11.21%,15.52%
23-Jun,1051,47896,"26,120",54.53%,506,"19,241",40.17%,88.36%,35,"2,535",5.29%,11.64%,"49,331","668,219",401681,"353,785","17,908",8564,"1,488",13.95,8.39,8.15,11.92%,12.27%,2.24%,12.02%,"18,301",8910,2.05,8910,12.02%,2841,166,"3,093",5.84%,4.90%,5723,885,"5,817",15.46%,15.80%
24-Jun,1113,49009,"26,778",54.64%,417,"19,658",40.11%,88.43%,38,"2,573",5.25%,11.57%,"49,717","689,452",413919,"364,910","21,233",12238,"1,533",14.07,8.45,11,11.84%,9.09%,2.32%,11.54%,"18,511",9377,1.97,9377,11.54%,3909,154,"3,241",3.94%,4.71%,8329,959,"6,136",11.51%,15.16%
25-Jun,1178,50187,"27,118",54.03%,791,"20,449",40.75%,88.64%,47,"2,620",5.22%,11.36%,"50,617","708,962",427158,"376,971","19,510",13239,"1,582",14.13,8.51,11.24,11.75%,8.90%,2.40%,10.84%,"18,349",9786,1.88,9786,10.84%,3927,195,"3,268",4.97%,4.75%,9312,983,"6,518",10.56%,13.89%
26-Jun,1240,51427,"27,411",53.30%,884,"21,333",41.48%,88.83%,63,"2,683",5.22%,11.17%,"51,887","731,781",439907,"388,480","22,819",12749,"1,629",14.23,8.55,10.28,11.69%,9.73%,2.47%,10.40%,"18,649",10475,1.78,10475,10.40%,4122,168,"3,400",4.08%,4.68%,8627,1072,"7,075",12.43%,13.14%
27-Jun,1385,52812,"28,183",53.36%,576,"21,909",41.48%,88.96%,37,"2,720",5.15%,11.04%,"54,063","753,370",449569,"396,757","21,589",9662,"1,665",14.27,8.51,6.98,11.75%,14.33%,2.69%,10.36%,"18,888",10730,1.76,10730,10.36%,2994,213,"3,317",7.11%,4.95%,6668,1172,"7,413",17.58%,12.78%
28-Jun,1198,54010,"28,320",52.43%,"1,027","22,936",42.47%,89.28%,34,"2,754",5.10%,10.72%,"62,370","770,600",456636,"402,626","17,230",7067,"1,691",14.27,8.45,5.9,11.83%,16.95%,2.27%,11.04%,"18,745",10504,1.78,10504,11.04%,3091,132,"3,360",4.27%,4.91%,3976,1066,"7,145",26.81%,13.92%
29-Jun,1082,55092,"28,487",51.71%,864,"23,800",43.20%,89.46%,51,"2,805",5.09%,10.54%,"54,940","782,383",465683,"410,591","11,783",9047,"1,725",14.2,8.45,8.36,11.83%,11.96%,2.00%,11.36%,"18,867",10367,1.82,10367,11.36%,1642,95,"3,218",5.79%,4.99%,7405,987,"7,149",13.33%,14.24%
30-Jun,1293,56385,"28,703",50.91%,"1,006","24,806",43.99%,89.61%,71,"2,876",5.10%,10.39%,"56,979","803,898",477318,"420,933","21,515",11635,"1,768",14.26,8.47,9,11.81%,11.11%,2.35%,11.22%,"19,383",10805,1.79,10805,11.22%,4266,198,"3,422",4.64%,4.82%,7369,1095,"7,384",14.86%,14.19%
01-Jul,1385,57770,"29,241",50.62%,789,"25,595",44.31%,89.72%,58,"2,934",5.08%,10.28%,"58,488","825,636",492318,"434,548","21,738",15000,"1,823",14.29,8.52,10.83,11.73%,9.23%,2.46%,11.17%,"19,455",11200,1.74,11200,11.17%,3277,204,"3,331",6.23%,5.17%,11723,1181,"7,869",10.07%,13.72%
02-Jul,1624,59394,"29,740",50.07%,"1,072","26,667",44.90%,89.93%,53,"2,987",5.03%,10.07%,"54,137","849,155",503132,"443,738","23,519",10814,"1,863",14.3,8.47,6.66,11.80%,15.02%,2.81%,12.12%,"20,028",10853,1.85,10853,12.12%,3325,198,"3,245",5.95%,5.32%,7489,1426,"7,608",19.04%,15.02%
03-Jul,1301,60695,"30,091",49.58%,901,"27,568",45.42%,90.08%,49,"3,036",5.00%,9.92%,"52,376","871,436",519970,"459,275","22,281",16838,"1,926",14.36,8.57,12.94,11.67%,7.73%,2.19%,11.58%,"19,951",11438,1.74,11438,11.58%,3447,144,"3,149",4.18%,5.37%,13391,1157,"8,289",8.64%,13.93%
04-Jul,1447,62142,"30,834",49.62%,651,"28,219",45.41%,90.13%,53,"3,089",4.97%,9.87%,"53,095","894,428",529669,"467,527","22,992",9699,"1,962",14.39,8.52,6.7,11.73%,14.92%,2.38%,11.65%,"20,151",11443,1.76,11443,11.65%,4199,215,"3,321",5.12%,5.10%,5500,1232,"8,122",22.40%,14.32%
05-Jul,1607,63749,"31,473",49.37%,886,"29,105",45.66%,90.18%,82,"3,171",4.97%,9.82%,"53,695","915,482",540175,"476,426","21,054",10506,"2,001",14.36,8.47,6.54,11.80%,15.30%,2.59%,11.66%,"20,697",11934,1.73,11934,11.66%,4251,256,"3,487",6.02%,5.37%,6255,1351,"8,447",21.60%,14.25%
06-Jul,1209,64958,"31,798",48.95%,814,"29,919",46.06%,90.23%,70,"3,241",4.99%,9.77%,"52,108","928,238",552084,"487,126","12,756",11909,"2,045",14.29,8.5,9.85,11.77%,10.15%,1.90%,11.42%,"20,836",12343,1.69,12343,11.42%,2748,231,"3,645",8.41%,5.67%,9161,978,"8,698",10.68%,13.83%
07-Jul,1268,66226,"32,132",48.52%,866,"30,785",46.48%,90.29%,68,"3,309",5.00%,9.71%,"52,173","946,054",562759,"496,533","17,816",10675,"2,084",14.29,8.5,8.42,11.77%,11.88%,1.95%,11.52%,"20,308",12206,1.66,12206,11.52%,2389,199,"3,377",8.33%,6.12%,8286,1069,"8,829",12.90%,13.58%
08-Jul,1853,68079,"33,135",48.67%,800,"31,585",46.39%,90.39%,50,"3,359",4.93%,9.61%,"52,134","968,237",575536,"507,457","22,183",12777,"2,132",14.22,8.45,6.9,11.83%,14.50%,2.80%,12.39%,"20,372",11888,1.71,11888,12.39%,3202,344,"3,366",10.74%,6.74%,9575,1509,"8,522",15.76%,14.62%
09-Jul,2657,70736,"34,668",49.01%,"1,066","32,651",46.16%,90.53%,58,"3,417",4.83%,9.47%,"52,230","992,069",588080,"517,344","23,832",12544,"2,178",14.02,8.31,4.72,12.03%,21.18%,3.90%,13.35%,"20,416",12135,1.68,12135,13.35%,4334,293,"3,510",6.76%,6.85%,8210,2364,"8,625",28.79%,16.00%
10-Jul,1611,72347,"35,349",48.86%,878,"33,529",46.34%,90.62%,52,"3,469",4.79%,9.38%,"52,587","1,015,678",597468,"525,121","23,609",9388,"2,213",14.04,8.26,5.83,12.11%,17.16%,2.28%,15.04%,"20,606",11071,1.86,11071,15.04%,4480,236,"3,658",5.27%,6.93%,4908,1375,"7,414",28.02%,19.03%
11-Jul,1671,74018,"35,764",48.32%,"1,190","34,719",46.91%,90.76%,66,"3,535",4.78%,9.24%,"48,639","1,038,988","610,093","536,075","23,310","12,625","2,260",14.04,8.24,7.56,12.13%,13.24%,2.31%,14.77%,"20,651",11489,1.8,11489,14.77%,4890,359,"3,756",7.34%,7.29%,"7,735",1312,"7,733",16.96%,18.40%
12-Jul,1681,75699,"36,455",48.16%,919,"35,638",47.08%,90.81%,71,"3,606",4.76%,9.19%,"49,001","1,061,367","621,087","545,388","22,379","10,994","2,300",14.02,8.2,6.54,12.19%,15.29%,2.27%,14.77%,"20,841",11559,1.8,11559,14.77%,3821,404,"3,695",10.57%,7.99%,"7,173",1277,"7,864",17.80%,17.96%
13-Jul,1282,76981,"36,636",47.59%,"1,051","36,689",47.66%,90.94%,50,"3,656",4.75%,9.06%,"46,943","1,074,467","630,149","553,168","13,100","9,062","2,334",13.96,8.19,7.07,12.22%,14.15%,1.69%,15.40%,"20,890",11152,1.87,11152,15.40%,2893,279,"3,716",9.64%,8.13%,"6,169",1003,"7,437",16.26%,19.04%
14-Jul,1591,78572,"37,226",47.38%,947,"37,636",47.90%,91.03%,54,"3,710",4.72%,8.97%,"46,701","1,097,468","642,164","563,592","23,001","12,015","2,378",13.97,8.17,7.55,12.24%,13.24%,2.07%,15.55%,"21,631",11344,1.91,11344,15.55%,4009,275,"3,947",6.86%,7.93%,"8,006",1316,"7,397",16.44%,19.62%
15-Jul,1522,80094,"37,247",46.50%,"1,414","39,050",48.76%,91.14%,87,"3,797",4.74%,8.86%,"47,859","1,122,339","657,655","577,561","24,871","15,491","2,436",14.01,8.21,10.18,12.18%,9.83%,1.94%,14.63%,"22,015",11731,1.88,11731,14.63%,4519,258,"4,135",5.71%,7.27%,"10,972",1264,"7,596",11.52%,18.64%
16-Jul,1574,81668,"37,450",45.86%,"1,295","40,345",49.40%,91.24%,76,"3,873",4.74%,8.76%,"46,727","1,146,286","669,811","588,143","23,947","12,156","2,481",14.04,8.2,7.72,12.19%,12.95%,1.97%,13.38%,"22,031",11676,1.89,11676,13.38%,4199,304,"4,116",7.24%,7.34%,"7,957",1270,"7,560",15.96%,16.66%
17-Jul,1462,83130,"37,339",44.92%,"1,489","41,834",50.32%,91.36%,84,"3,957",4.76%,8.64%,"46,493","1,175,462","683,805","600,675","29,176","13,994","2,533",14.14,8.23,9.57,12.16%,10.45%,1.79%,12.49%,"22,826","12,334",1.85,12334,12.49%,4875,231,"4,172",4.74%,7.22%,"9,119",1231,"8,162",13.50%,15.18%
18-Jul,1752,84882,"37,598",44.29%,"1,434","43,268",50.97%,91.51%,59,"4,016",4.73%,8.49%,"37,593","1,201,014","697,043","612,161","25,552","13,238","2,582",14.15,8.21,7.56,12.18%,13.23%,2.11%,12.49%,"23,147","12,421",1.86,12421,12.49%,6267,331,"4,369",5.28%,6.81%,"6,971",1421,"8,052",20.38%,15.58%
19-Jul,1639,86521,"36,977",42.74%,"2,133","45,401",52.47%,91.64%,127,"4,143",4.79%,8.36%,"37,505","1,221,518","707,238","620,717","20,504","10,195","2,619",14.12,8.17,6.22,12.23%,16.08%,1.93%,12.56%,"22,879","12,307",1.86,12307,12.56%,4252,312,"4,431",7.34%,6.42%,"5,943",1327,"7,877",22.33%,16.02%
20-Jul,1693,88214,"36,998",41.94%,"1,576","46,977",53.25%,91.72%,96,"4,239",4.81%,8.28%,"36,380","1,235,545","720,497","632,283","14,027","13,259","2,669",14.01,8.17,7.83,12.24%,12.77%,1.96%,12.43%,"23,011","12,907",1.78,12907,12.43%,2794,361,"4,416",12.92%,6.70%,"10,465",1332,"8,490",12.73%,15.41%
21-Jul,1655,89869,"37,083",41.26%,"1,489","48,466",53.93%,91.82%,81,"4,320",4.81%,8.18%,"44,003","1,257,807","737,844","647,975","22,262","17,347","2,733",14,8.21,10.48,12.18%,9.54%,1.88%,11.81%,"22,906","13,669",1.68,13669,11.81%,5230,441,"4,591",8.43%,6.96%,"12,117",1214,"9,078",10.02%,14.26%
22-Jul,1882,91751,"37,037",40.37%,"1,789","50,255",54.77%,91.85%,139,"4,459",4.86%,8.15%,"44,222","1,283,109","749,626","657,875","25,302","11,782","2,776",13.98,8.17,6.26,12.24%,15.97%,2.09%,12.67%,"22,967","13,139",1.75,13139,12.67%,4879,382,"4,642",7.83%,7.27%,"6,903",1500,"8,496",21.73%,15.63%
23-Jul,1906,93657,"36,917",39.42%,"1,909","52,164",55.70%,91.94%,117,"4,576",4.89%,8.06%,"47,756","1,310,924","762,957","669,300","27,815","13,331","2,826",14,8.15,6.99,12.28%,14.30%,2.08%,12.87%,"23,520","13,307",1.77,13307,12.87%,5631,416,"4,847",7.39%,7.29%,"7,700",1490,"8,460",19.35%,16.07%
24-Jul,1761,95418,"36,808",38.58%,"1,781","53,945",56.54%,92.04%,89,"4,665",4.89%,7.96%,"53,702","1,335,889","777,100","681,682","24,965","14,143","2,878",14,8.14,8.03,12.28%,12.45%,1.88%,13.17%,"22,918","13,328",1.72,13328,13.17%,4078,279,"4,733",6.84%,7.61%,"10,065",1482,"8,595",14.72%,16.23%
25-Jul,1868,97286,"37,218",38.26%,"1,409","55,354",56.90%,92.15%,49,"4,714",4.85%,7.85%,"54,752","1,361,207","789,258","691,972","25,318","12,158","2,923",13.99,8.11,6.51,12.33%,15.36%,1.96%,13.45%,"22,885","13,174",1.74,13174,13.45%,4974,393,"4,548",7.90%,8.12%,"7,184",1475,"8,625",20.53%,16.26%
26-Jul,1492,98778,"37,342",37.80%,"1,301","56,655",57.36%,92.22%,67,"4,781",4.84%,7.78%,"55,647","1,381,699","796,950","698,172","20,492","7,692","2,952",13.99,8.07,5.16,12.39%,19.40%,1.53%,13.66%,"22,883","12,816",1.79,12816,13.66%,4286,378,"4,553",8.82%,8.31%,"3,406",1114,"8,263",32.71%,16.61%
27-Jul,1525,100303,"37,292",37.18%,"1,518","58,173",58.00%,92.32%,57,"4,838",4.82%,7.68%,"54,910","1,394,759","807,946","707,643","13,060","10,996","2,992",13.91,8.06,7.21,12.41%,13.87%,1.54%,13.82%,"22,745","12,493",1.82,12493,13.82%,2954,473,"4,576",16.01%,8.62%,"8,042",1052,"7,917",13.08%,16.83%
28-Jul,1748,102051,"36,611",35.88%,"2,366","60,539",59.32%,92.51%,63,"4,901",4.80%,7.49%,"46,648","1,417,322","823,168","721,117","22,563","15,222","3,049",13.89,8.07,8.71,12.40%,11.48%,1.74%,14.28%,"22,788","12,189",1.87,12189,14.28%,6495,412,"4,757",6.34%,8.21%,"8,727",1336,"7,432",15.31%,18.16%
29-Jul,2381,104432,"37,319",35.74%,"1,599","62,138",59.50%,92.59%,74,"4,975",4.76%,7.41%,"57,393","1,447,583","841,027","736,595","30,261","17,859","3,115",13.86,8.05,7.5,12.42%,13.33%,2.33%,13.87%,"23,496","13,057",1.8,13057,13.87%,4752,566,"4,739",11.91%,8.79%,"13,107",1815,"8,319",13.85%,16.77%
30-Jul,1904,106336,"36,986",34.78%,"2,154","64,292",60.46%,92.71%,83,"5,058",4.76%,7.29%,"53,723","1,477,629","856,003","749,667","30,046","14,976","3,170",13.9,8.05,7.87,12.42%,12.71%,1.82%,13.63%,"23,815","13,292",1.79,13292,13.63%,5573,300,"4,730",5.38%,8.46%,"9,403",1604,"8,562",17.06%,16.48%
31-Jul,2040,108376,"37,338",34.45%,"1,615","65,907",60.81%,92.78%,73,"5,131",4.73%,7.22%,"60,739","1,506,191","866,539","758,163","28,562","10,536","3,209",13.9,8,5.16,12.51%,19.36%,1.92%,14.49%,"24,329","12,777",1.9,12777,14.49%,5344,432,"4,911",8.08%,8.59%,"5,192",1608,"7,866",30.97%,18.17%
01-Aug,1560,109936,"36,824",33.50%,"2,012","67,919",61.78%,92.90%,62,"5,193",4.72%,7.10%,"57,816","1,517,381","875,894","765,958","11,190","9,355","3,244",13.8,7.97,6,12.55%,16.68%,1.44%,14.60%,"22,311","12,377",1.8,12377,14.60%,3002,373,"4,629",12.43%,9.05%,"6,353",1187,"7,747",18.68%,17.92%
02-Aug,1519,111455,"37,244",33.42%,"1,056","68,975",61.89%,92.94%,43,"5,236",4.70%,7.06%,"62,366","1,537,413","882,352","770,897","20,032","6,458","3,268",13.79,7.92,4.25,12.63%,23.52%,1.38%,14.84%,"22,245","12,200",1.82,12200,14.84%,3888,379,"4,573",9.75%,9.17%,"2,570",1140,"7,628",44.36%,18.25%
03-Aug,1679,113134,"37,595",33.23%,"1,262","70,237",62.08%,92.98%,66,"5,302",4.69%,7.02%,"77,572","1,552,141","894,531","781,397","14,728","12,179","3,313",13.72,7.91,7.25,12.65%,13.79%,1.51%,14.82%,"22,483","12,369",1.82,12369,14.82%,4234,489,"4,755",11.55%,8.87%,"7,945",1190,"7,614",14.98%,18.54%
04-Aug,1922,115056,"37,618",32.70%,"1,813","72,050",62.62%,93.04%,86,"5,388",4.68%,6.96%,"68,131","1,575,043","907,987","792,931","22,902","13,456","3,363",13.69,7.89,7,12.67%,14.28%,1.70%,15.33%,"22,532","12,117",1.86,12117,15.33%,3537,466,"4,333",13.18%,9.91%,"9,919",1456,"7,784",14.68%,18.35%
05-Aug,1815,116871,"37,530",32.11%,"1,839","73,889",63.22%,93.13%,64,"5,452",4.66%,6.87%,"94,593","1,603,781","922,709","805,838","28,738","14,722","3,417",13.72,7.9,8.11,12.67%,12.33%,1.58%,15.23%,"22,314","11,669",1.91,11669,15.23%,4287,357,"4,266",8.33%,9.36%,"10,435",1458,"7,402",13.97%,18.61%
06-Aug,1882,118753,"37,587",31.65%,"1,756","75,645",63.70%,93.20%,69,"5,521",4.65%,6.80%,"91,219","1,633,156","936,311","817,558","29,375","13,602","3,468",13.75,7.88,7.23,12.68%,13.84%,1.61%,15.46%,"22,218","11,473",1.94,11473,15.46%,5387,597,"4,240",11.08%,10.42%,"8,215",1285,"7,233",15.64%,18.42%
07-Aug,2473,121226,"38,076",31.41%,"1,912","77,557",63.98%,93.27%,72,"5,593",4.61%,6.73%,"80,200","1,663,315","951,910","830,684","30,159","15,599","3,526",13.72,7.85,6.31,12.74%,15.85%,2.08%,15.05%,"22,446","12,196",1.84,12196,15.05%,6061,663,"4,342",10.94%,10.94%,"9,538",1810,"7,854",18.98%,17.33%
08-Aug,2277,123503,"38,539",31.20%,"1,749","79,306",64.21%,93.34%,65,"5,658",4.58%,6.66%,"83,624","1,693,880","963,602","840,099","30,565","11,692","3,569",13.72,7.8,5.13,12.82%,19.47%,1.88%,15.47%,"25,214","12,530",2.01,12530,15.47%,5994,716,"4,770",11.95%,10.98%,"5,698",1561,"7,760",27.40%,18.23%
09-Aug,1893,125396,"38,721",30.88%,"1,646","80,952",64.56%,93.40%,65,"5,723",4.56%,6.60%,"86,224","1,715,798","972,594","847,198","21,918","8,992","3,602",13.68,7.76,4.75,12.89%,21.05%,1.53%,15.45%,"25,484","12,892",1.98,12892,15.45%,4102,472,"4,800",11.51%,11.19%,"4,890",1421,"8,091",29.06%,17.97%
10-Aug,1687,127083,"39,082",30.75%,"1,284","82,236",64.71%,93.45%,42,"5,765",4.54%,6.55%,"84,139","1,731,634","984,893","857,810","15,836","12,299","3,648",13.63,7.75,7.29,12.90%,13.72%,1.35%,15.44%,"25,642","12,909",1.99,12909,15.44%,2611,479,"4,568",18.35%,11.73%,"9,688",1208,"8,340",12.47%,17.47%
11-Aug,1693,128776,"39,242",30.47%,"1,474","83,710",65.00%,93.50%,59,"5,824",4.52%,6.50%,"85,928","1,757,425","998,406","869,630","25,791","13,513","3,698",13.65,7.75,7.98,12.90%,12.53%,1.33%,15.17%,"26,055","12,917",2.02,12917,15.17%,4522,471,"4,709",10.42%,11.39%,"8,991",1222,"8,208",13.59%,17.34%
12-Aug,1942,130718,"39,017",29.85%,"2,088","85,798",65.64%,93.56%,79,"5,903",4.52%,6.44%,"86,619","1,783,673","1,012,104","881,386","26,248","13,698","3,749",13.65,7.74,7.05,12.92%,14.18%,1.51%,15.49%,"25,699","12,771",2.01,12771,15.49%,4117,578,"4,685",14.04%,12.12%,"9,581",1364,"8,086",14.24%,17.44%
13-Aug,2098,132816,"39,290",29.58%,"1,760","87,558",65.92%,93.62%,65,"5,968",4.49%,6.38%,"76,515","1,809,487","1,026,954","894,138","25,814","14,850","3,804",13.62,7.73,7.08,12.93%,14.13%,1.60%,15.51%,"25,190","12,949",1.95,12949,15.51%,5049,621,"4,637",12.30%,12.32%,"9,801",1477,"8,312",15.07%,17.29%
14-Aug,2307,135123,"39,484",29.22%,"2,060","89,618",66.32%,93.70%,53,"6,021",4.46%,6.30%,"75,527","1,835,505","1,039,682","904,559","26,018","12,728","3,851",13.58,7.69,5.52,13.00%,18.13%,1.74%,15.83%,"24,599","12,539",1.96,12539,15.83%,5025,575,"4,489",11.44%,12.45%,"7,703",1732,"8,050",22.48%,17.72%
15-Aug,2345,137468,"40,076",29.15%,"1,703","91,321",66.43%,93.77%,50,"6,071",4.42%,6.23%,"76,327","1,862,801","1,052,503","915,035","27,296","12,821","3,898",13.55,7.66,5.47,13.06%,18.29%,1.74%,15.71%,"24,132","12,700",1.9,12700,15.71%,6173,598,"4,514",9.69%,12.01%,"6,648",1747,"8,186",26.28%,17.75%
16-Aug,2081,139549,"40,296",28.88%,"1,782","93,103",66.72%,93.80%,79,"6,150",4.41%,6.20%,"77,090","1,888,215","1,061,721","922,172","25,414","9,218","3,932",13.53,7.61,4.43,13.14%,22.58%,1.51%,15.88%,"24,631","12,732",1.93,12732,15.88%,4992,519,"4,641",10.40%,11.82%,"4,226",1562,"8,091",36.96%,18.21%
17-Aug,1821,141370,"40,705",28.79%,"1,355","94,458",66.82%,93.83%,57,"6,207",4.39%,6.17%,"78,659","1,900,668","1,068,945","927,575","12,453","7,224","3,959",13.44,7.56,3.97,13.23%,25.21%,1.30%,17.00%,"24,148","12,007",2.01,12007,17.00%,3766,539,"4,806",14.31%,11.59%,"3,458",1282,"7,201",37.07%,20.60%
18-Aug,1673,143043,"40,460",28.29%,"1,848","96,306",67.33%,93.88%,70,"6,277",4.39%,6.12%,"78,394","1,915,039","1,081,354","938,311","14,371","12,409","4,005",13.39,7.56,7.42,13.23%,13.48%,1.18%,17.20%,"22,516","11,850",1.9,11850,17.20%,4901,504,"4,860",10.28%,11.56%,"7,508",1169,"6,989",15.57%,21.12%
19-Aug,1902,144945,"39,942",27.56%,"2,351","98,657",68.07%,93.96%,69,"6,346",4.38%,6.04%,"79,174","1,941,117","1,096,294","951,349","26,078","14,940","4,060",13.39,7.56,7.85,13.22%,12.73%,1.33%,16.90%,"22,492","12,027",1.87,12027,16.90%,3851,564,"4,822",14.65%,11.61%,"11,089",1338,"7,205",12.07%,20.44%
20-Aug,2266,147211,"40,119",27.25%,"2,017","100,674",68.39%,94.01%,72,"6,418",4.36%,5.99%,"79,484","1,969,941","1,108,068","960,857","28,824","11,774","4,104",13.38,7.53,5.2,13.29%,19.25%,1.56%,17.75%,"22,922","11,588",1.98,11588,17.75%,6391,595,"5,014",9.31%,11.09%,"5,383",1671,"6,574",31.04%,22.82%
21-Aug,2197,149408,"39,917",26.72%,"2,317","102,991",68.93%,94.06%,82,"6,500",4.35%,5.94%,"78,877","1,989,870","1,121,602","972,194","19,929","13,534","4,154",13.32,7.51,6.16,13.32%,16.23%,1.49%,17.44%,"22,052","11,703",1.88,11703,17.44%,3728,641,"4,829",17.19%,11.72%,"9,806",1556,"6,874",15.87%,21.46%
22-Aug,2090,151498,"39,706",26.21%,"2,207","105,198",69.44%,94.10%,94,"6,594",4.35%,5.90%,"75,457","2,014,619","1,139,768","988,270","24,749","18,166","4,221",13.3,7.52,8.69,13.29%,11.51%,1.40%,16.08%,"21,688","12,466",1.74,12466,16.08%,4418,601,"4,578",13.60%,12.37%,"13,748",1489,"7,888",10.83%,18.23%
23-Aug,2037,153535,"39,355",25.63%,"2,302","107,500",70.02%,94.15%,86,"6,680",4.35%,5.85%,"75,522","2,036,771","1,157,184","1,003,649","22,152","17,416","4,286",13.27,7.54,8.55,13.27%,11.70%,1.34%,14.65%,"21,222","13,638",1.56,13638,14.65%,5122,637,"4,597",12.44%,12.68%,"12,294",1400,"9,041",11.39%,15.65%
24-Aug,1877,155412,"37,593",24.19%,"3,560","111,060",71.46%,94.26%,79,"6,759",4.35%,5.74%,"76,745","2,056,166","1,173,369","1,017,957","19,395","16,185","4,346",13.23,7.55,8.62,13.24%,11.60%,1.22%,13.45%,"22,214","14,918",1.49,14918,13.45%,3691,659,"4,586",17.85%,13.09%,"12,494",1218,"10,332",9.75%,13.61%
25-Aug,2447,157859,"38,134",24.16%,"1,807","112,867",71.50%,94.27%,99,"6,858",4.34%,5.73%,"76,667","2,077,441","1,191,948","1,034,089","21,275","18,579","4,415",13.16,7.55,7.59,13.24%,13.17%,1.57%,13.40%,"23,200","15,799",1.47,15799,13.40%,4511,639,"4,530",14.17%,13.67%,"14,068",1808,"11,269",12.85%,13.29%
26-Aug,2306,160165,"37,812",23.61%,"2,542","115,409",72.06%,94.32%,86,"6,944",4.34%,5.68%,"77,056","2,106,753","1,212,468","1,052,303","29,312","20,520","4,491",13.15,7.57,8.9,13.21%,11.24%,1.46%,13.10%,"23,662","16,596",1.43,16596,13.10%,4454,708,"4,616",15.90%,13.86%,"16,066",1598,"11,980",9.95%,12.81%
27-Aug,2719,162884,"37,245",22.87%,"3,166","118,575",72.80%,94.38%,120,"7,064",4.34%,5.62%,"76,201","2,136,416","1,233,486","1,070,602","29,663","21,018","4,568",13.12,7.57,7.73,13.21%,12.94%,1.70%,12.50%,"23,782","17,917",1.33,17917,12.50%,7127,820,"4,722",11.51%,14.24%,"13,891",1899,"13,195",13.67%,11.87%
28-Aug,3003,165887,"37,818",22.80%,"2,325","120,900",72.88%,94.40%,105,"7,169",4.32%,5.60%,"77,857","2,169,498","1,250,135","1,084,248","33,082","16,649","4,630",13.08,7.54,5.54,13.27%,18.04%,1.84%,12.82%,"25,661","18,362",1.4,18362,12.82%,5709,847,"5,005",14.84%,14.02%,"10,940",2156,"13,357",19.71%,12.37%
29-Aug,3308,169195,"39,132",23.13%,"1,902","122,802",72.58%,94.42%,92,"7,261",4.29%,5.58%,"76,252","2,198,403","1,271,301","1,102,106","28,905","21,166","4,709",12.99,7.51,6.4,13.31%,15.63%,1.99%,13.45%,"26,255","18,790",1.4,18790,13.45%,6705,857,"5,331",12.78%,13.85%,"14,461",2451,"13,459",16.95%,13.30%
30-Aug,2858,172053,"40,525",23.55%,"1,383","124,185",72.18%,94.42%,82,"7,343",4.27%,5.58%,"77,951","2,224,337","1,282,618","1,110,565","25,934","11,317","4,750",12.93,7.45,3.96,13.41%,25.25%,1.69%,14.76%,"26,795","17,919",1.5,17919,14.76%,4872,1114,"5,296",22.87%,15.23%,"6,445",1744,"12,624",27.06%,14.57%
31-Aug,2743,174796,"41,420",23.70%,"1,774","125,959",72.06%,94.44%,74,"7,417",4.24%,5.56%,"79,320","2,239,642","1,297,184","1,122,388","15,305","14,566","4,804",12.81,7.42,5.31,13.48%,18.83%,1.59%,15.66%,"26,211","17,688",1.48,17688,15.66%,4315,1029,"5,385",23.85%,15.96%,"10,251",1714,"12,303",16.72%,15.52%
01-Sep,2775,177571,"42,009",23.66%,"2,098","128,057",72.12%,94.46%,88,"7,505",4.23%,5.54%,"80,675","2,270,267","1,312,477","1,134,906","30,625","15,293","4,861",12.79,7.39,5.51,13.53%,18.15%,1.59%,16.35%,"27,547","17,218",1.6,17218,16.35%,6144,941,"5,618",15.32%,16.06%,"9,149",1834,"11,600",20.05%,16.50%
02-Sep,3075,180646,"43,059",23.84%,"1,914","129,971",71.95%,94.46%,111,"7,616",4.22%,5.54%,"81,757","2,301,268","1,333,985","1,153,339","31,001","21,508","4,941",12.74,7.38,6.99,13.54%,14.30%,1.73%,16.85%,"27,788","17,360",1.6,17360,16.85%,5672,1053,"5,792",18.56%,16.43%,"15,836",2022,"11,568",12.77%,17.07%
03-Sep,3622,184268,"44,463",24.13%,"2,084","132,055",71.66%,94.46%,134,"7,750",4.21%,5.54%,"84,701","2,338,865","1,353,291","1,169,023","37,597","19,306","5,012",12.69,7.34,5.33,13.62%,18.76%,2.01%,17.85%,"28,921","17,115",1.69,17115,17.85%,7270,1405,"5,812",19.33%,17.81%,"12,036",2217,"11,303",18.42%,17.87%
04-Sep,3269,187537,"45,524",24.27%,"2,126","134,181",71.55%,94.49%,82,"7,832",4.18%,5.51%,"85,178","2,375,133","1,371,391","1,183,854","36,268","18,100","5,079",12.66,7.31,5.54,13.67%,18.06%,1.77%,17.85%,"29,376","17,322",1.7,17322,17.85%,7491,896,"6,067",11.96%,17.18%,"10,609",2373,"11,255",22.37%,18.22%
05-Sep,3128,190665,"46,324",24.30%,"2,220","136,401",71.54%,94.50%,108,"7,940",4.16%,5.50%,"86,778","2,405,773","1,388,288","1,197,623","30,640","16,897","5,142",12.62,7.28,5.4,13.73%,18.51%,1.67%,18.35%,"29,624","16,712",1.77,16712,18.35%,7248,842,"6,145",11.62%,16.93%,"9,649",2286,"10,568",23.69%,19.18%
06-Sep,3444,194109,"47,509",24.48%,"2,174","138,575",71.39%,94.53%,85,"8,025",4.13%,5.47%,"89,701","2,433,752","1,401,513","1,207,404","27,979","13,225","5,191",12.54,7.22,3.84,13.85%,26.04%,1.81%,18.55%,"29,916","16,985",1.76,16985,18.55%,6362,1245,"6,357",19.57%,16.65%,"6,863",2199,"10,628",32.04%,19.69%
07-Sep,2880,196989,"48,207",24.47%,"2,077","140,652",71.40%,94.54%,105,"8,130",4.13%,5.46%,"89,992","2,452,164","1,417,694","1,220,705","18,412","16,181","5,251",12.45,7.2,5.62,13.90%,17.80%,1.48%,18.42%,"30,360","17,216",1.76,17216,18.42%,4871,1105,"6,437",22.69%,16.62%,"11,310",1775,"10,779",15.69%,19.49%
08-Sep,3046,200035,"48,847",24.42%,"2,306","142,958",71.47%,94.56%,100,"8,230",4.11%,5.44%,"90,952","2,484,807","1,434,294","1,234,259","32,643","16,600","5,312",12.42,7.17,5.45,13.95%,18.35%,1.55%,18.44%,"30,649","17,402",1.76,17402,18.44%,6856,948,"6,539",13.83%,16.37%,"9,744",2098,"10,864",21.53%,19.69%
09-Sep,3307,203342,"49,806",24.49%,"2,242","145,200",71.41%,94.57%,106,"8,336",4.10%,5.43%,"92,330","2,514,670","1,449,629","1,246,287","29,863","15,335","5,369",12.37,7.13,4.64,14.03%,21.57%,1.65%,19.63%,"30,486","16,521",1.85,16521,19.63%,7923,1024,"6,860",12.92%,15.55%,"7,412",2283,"9,660",30.80%,22.52%
10-Sep,3861,207203,"51,237",24.73%,"2,310","147,510",71.19%,94.58%,120,"8,456",4.08%,5.42%,"95,501","2,549,579","1,469,943","1,262,740","34,909","20,314","5,444",12.3,7.09,5.26,14.10%,19.01%,1.90%,19.66%,"30,102","16,665",1.81,16665,19.66%,6383,1450,"6,733",22.72%,15.93%,"13,931",2411,"9,931",17.31%,22.19%
11-Sep,3737,210940,"52,179",24.74%,"2,707","150,217",71.21%,94.62%,88,"8,544",4.05%,5.38%,"94,886","2,581,433","1,498,292","1,287,352","31,854","28,349","5,549",12.24,7.1,7.59,14.08%,13.18%,1.80%,18.44%,"29,471","18,129",1.63,18129,18.44%,6982,1103,"6,661",15.80%,16.55%,"21,367",2634,"11,468",12.33%,19.54%
12-Sep,3806,214746,"53,638",24.98%,"2,241","152,458",70.99%,94.63%,106,"8,650",4.03%,5.37%,"95,539","2,620,004","1,523,214","1,308,468","38,571","24,922","5,642",12.2,7.09,6.55,14.10%,15.27%,1.80%,17.85%,"30,604","19,275",1.59,19275,17.85%,7644,1051,"6,717",13.75%,16.86%,"17,278",2755,"12,558",15.95%,18.38%
13-Sep,3636,218382,"54,649",25.02%,"2,552","155,010",70.98%,94.67%,73,"8,723",3.99%,5.33%,"97,227","2,650,104","1,549,352","1,330,970","30,100","26,138","5,738",12.14,7.09,7.19,14.10%,13.91%,1.69%,16.42%,"30,907","21,120",1.46,21120,16.42%,6547,1492,"6,744",22.79%,17.31%,"19,591",2144,"14,376",10.94%,16.00%
14-Sep,3141,221523,"54,277",24.50%,"3,395","158,405",71.51%,94.71%,118,"8,841",3.99%,5.29%,"98,842","2,672,710","1,569,545","1,348,022","22,606","20,193","5,813",12.07,7.09,6.43,14.11%,15.55%,1.44%,16.16%,"31,507","21,693",1.45,21693,16.16%,3834,1062,"6,596",27.70%,17.61%,"16,359",2079,"15,097",12.71%,15.52%
15-Sep,3507,225030,"55,000",24.44%,"2,660","161,065",71.57%,94.73%,124,"8,965",3.98%,5.27%,"99,634","2,715,346","1,592,056","1,367,026","42,636","22,511","5,897",12.07,7.07,6.42,14.13%,15.58%,1.58%,15.84%,"32,934","22,537",1.46,22537,15.84%,7141,1027,"6,636",14.38%,17.67%,"15,370",2480,"15,901",16.14%,15.08%
16-Sep,3963,228993,"55,792",24.36%,"3,036","164,101",71.66%,94.75%,135,"9,100",3.97%,5.25%,"100,236","2,755,120","1,622,769","1,393,776","39,774","30,713","6,010",12.03,7.09,7.75,14.11%,12.90%,1.76%,14.82%,"34,350","24,734",1.39,24734,14.82%,5561,1505,"6,299",27.06%,19.71%,"25,152",2458,"18,435",9.77%,13.14%
17-Sep,3635,232628,"56,720",24.38%,"2,585","166,686",71.65%,94.76%,122,"9,222",3.96%,5.24%,"103,209","2,796,924","1,652,324","1,419,696","41,804","29,555","6,120",12.02,7.1,8.13,14.08%,12.30%,1.59%,13.94%,"35,335","26,054",1.36,26054,13.94%,7615,1014,"6,475",13.32%,18.21%,"21,940",2621,"19,580",11.95%,12.53%
18-Sep,3891,236519,"56,409",23.85%,"4,088","170,774",72.20%,94.82%,114,"9,336",3.95%,5.18%,"104,866","2,841,352","1,676,648","1,440,129","44,428","24,324","6,210",12.01,7.09,6.25,14.11%,16.00%,1.67%,14.34%,"37,131","25,479",1.46,25479,14.34%,8192,1403,"6,648",17.13%,18.38%,"16,132",2488,"18,832",15.42%,12.92%
19-Sep,4168,240687,"56,889",23.64%,"3,576","174,350",72.44%,94.86%,112,"9,448",3.93%,5.14%,"107,863","2,885,895","1,698,202","1,457,515","44,543","21,554","6,290",11.99,7.06,5.17,14.17%,19.34%,1.76%,14.82%,"37,984","24,998",1.52,24998,14.82%,7182,932,"6,582",12.98%,18.31%,"14,372",3236,"18,417",22.52%,13.58%
20-Sep,3989,244676,"57,796",23.62%,"2,977","177,327",72.47%,94.89%,105,"9,553",3.90%,5.11%,"107,370","2,922,648","1,718,175","1,473,499","36,753","19,973","6,364",11.94,7.02,5.01,14.24%,19.97%,1.66%,15.57%,"38,935","24,118",1.61,24118,15.57%,8010,1079,"6,791",13.47%,16.88%,"11,963",2910,"17,327",24.33%,15.06%
21-Sep,4176,248852,"58,378",23.46%,"3,470","180,797",72.65%,94.92%,124,"9,677",3.89%,5.08%,"108,880","2,950,173","1,743,000","1,494,148","27,525","24,825","6,456",11.86,7,5.94,14.28%,16.82%,1.71%,15.76%,"39,638","24,779",1.6,24779,15.76%,5451,1227,"7,022",22.51%,16.66%,"19,374",2949,"17,758",15.22%,15.40%
22-Sep,4071,252923,"58,788",23.24%,"3,501","184,298",72.87%,94.93%,160,"9,837",3.89%,5.07%,"109,721","2,994,069","1,774,065","1,521,142","43,896","31,065","6,571",11.84,7.01,7.63,14.26%,13.10%,1.64%,15.33%,"39,818","26,001",1.53,26001,15.33%,8148,1033,"7,166",12.68%,16.33%,"22,917",3038,"18,836",13.26%,14.94%
23-Sep,4465,257388,"59,453",23.10%,"3,660","187,958",73.03%,94.96%,140,"9,977",3.88%,5.04%,"109,541","3,032,250","1,799,563","1,542,175","38,181","25,498","6,665",11.78,6.99,5.71,14.30%,17.51%,1.77%,16.06%,"39,590","25,256",1.57,25256,16.06%,7854,1187,"7,493",15.11%,15.01%,"17,644",3278,"17,763",18.58%,16.50%
24-Sep,4634,262022,"60,064",22.92%,"3,895","191,853",73.22%,95.00%,128,"10,105",3.86%,5.00%,"110,910","3,074,814","1,834,349","1,572,327","42,564","34,786","6,794",11.73,7,7.51,14.28%,13.32%,1.80%,16.15%,"39,699","26,004",1.53,26004,16.15%,7618,1305,"7,494",17.13%,15.57%,"27,168",3329,"18,510",12.25%,16.38%
25-Sep,4823,266845,"60,431",22.65%,"4,343","196,196",73.52%,95.05%,113,"10,218",3.83%,4.95%,"112,082","3,120,947","1,860,768","1,593,923","46,133","26,419","6,892",11.7,6.97,5.48,14.34%,18.26%,1.84%,16.47%,"39,942","26,303",1.52,26303,16.47%,8144,1289,"7,487",15.83%,15.36%,"18,275",3534,"18,816",19.34%,16.91%
26-Sep,4494,271339,"61,628",22.71%,"3,207","199,403",73.49%,95.08%,90,"10,308",3.80%,4.92%,"119,379","3,169,783","1,886,426","1,615,087","48,836","25,658","6,987",11.68,6.95,5.71,14.38%,17.52%,1.68%,16.28%,"40,555","26,889",1.51,26889,16.28%,8289,1257,"7,645",15.16%,15.65%,"17,369",3237,"19,244",18.64%,16.54%
27-Sep,3874,275213,"61,813",22.46%,"3,611","203,014",73.77%,95.13%,78,"10,386",3.77%,4.87%,"129,553","3,207,055","1,907,226","1,632,013","37,272","20,800","7,064",11.65,6.93,5.37,14.43%,18.63%,1.43%,16.15%,"40,630","27,007",1.5,27007,16.15%,8917,1186,"7,774",13.30%,15.59%,"11,883",2688,"19,233",22.62%,16.38%
28-Sep,3509,278722,"61,379",22.02%,"3,856","206,870",74.22%,95.18%,87,"10,473",3.76%,4.82%,"131,361","3,239,244","1,934,863","1,656,141","32,189","27,637","7,166",11.62,6.94,7.88,14.41%,12.70%,1.28%,15.57%,"41,296","27,409",1.51,27409,15.57%,5122,807,"7,727",15.76%,14.91%,"22,515",2702,"19,682",12.00%,15.83%
29-Sep,4002,282724,"61,686",21.82%,"3,567","210,437",74.43%,95.20%,128,"10,601",3.75%,4.80%,"132,496","3,276,402","1,962,754","1,680,030","37,158","27,891","7,269",11.59,6.94,6.97,14.40%,14.35%,1.44%,15.79%,"40,333","26,956",1.5,26956,15.79%,8328,1132,"7,753",13.59%,15.04%,"19,563",2870,"19,202",14.67%,16.10%
30-Sep,4284,287008,"61,321",21.37%,"4,510","214,947",74.89%,95.24%,139,"10,740",3.74%,4.76%,"132,693","3,321,898","1,993,694","1,706,686","45,496","30,940","7,384",11.57,6.95,7.22,14.40%,13.85%,1.52%,15.26%,"41,378","27,733",1.49,27733,15.26%,7523,1050,"7,706",13.96%,14.88%,"23,417",3234,"20,027",13.81%,15.40%
01-Oct,4174,291182,"61,839",21.24%,"3,540","218,487",75.03%,95.27%,116,"10,856",3.73%,4.73%,"135,480","3,365,490","2,023,990","1,732,808","43,592","30,296","7,496",11.56,6.95,7.26,14.39%,13.78%,1.45%,15.38%,"41,525","27,092",1.53,27092,15.38%,6919,1162,"7,606",16.79%,14.81%,"23,377",3012,"19,486",12.88%,15.60%
02-Oct,4317,295499,"63,187",21.38%,"2,853","221,340",74.90%,95.28%,116,"10,972",3.71%,4.72%,"135,348","3,407,911","2,050,821","1,755,322","42,421","26,831","7,596",11.53,6.94,6.22,14.41%,16.09%,1.48%,15.08%,"40,995","27,150",1.51,27150,15.08%,6697,1098,"7,399",16.40%,14.85%,"20,134",3219,"19,751",15.99%,15.16%
03-Oct,4007,299506,"63,399",21.17%,"3,712","225,052",75.14%,95.32%,83,"11,055",3.69%,4.68%,"139,099","3,451,398","2,074,943","1,775,437","43,487","24,122","7,685",11.52,6.93,6.02,14.43%,16.61%,1.36%,14.94%,"40,231","26,931",1.49,26931,14.94%,,,,,,,,,,
04-Oct,3992,303498,"63,894",21.05%,"3,401","228,453",75.27%,95.35%,96,"11,151",3.67%,4.65%,"139,401","3,488,141","2,096,584","1,793,086","36,743","21,641","7,765",11.49,6.91,5.42,14.48%,18.45%,1.33%,14.94%,"40,155","27,051",1.48,,,,,,,,,,,,
05-Oct,3622,307120,"63,274",20.60%,"4,140","232,593",75.73%,95.39%,102,"11,253",3.66%,4.61%,"141,169","3,515,165","2,119,355","1,812,235","27,024","22,771","7,849",11.45,6.9,6.29,14.49%,15.91%,1.19%,15.39%,"39,417","26,356",1.5,,,,,,,,,,,,
06-Oct,4056,311176,"63,365",20.36%,"3,844","236,437",75.98%,95.41%,121,"11,374",3.66%,4.59%,"140,305","3,551,507","2,145,508","1,834,332","36,342","26,153","7,946",11.41,6.89,6.45,14.50%,15.51%,1.32%,15.57%,"39,301","26,108",1.51,,,,,,,,,,,,
07-Oct,4538,315714,"63,951",20.26%,"3,854","240,291",76.11%,95.44%,98,"11,472",3.63%,4.56%,"142,213","3,595,719","2,177,675","1,861,961","44,212","32,167","8,065",11.39,6.9,7.09,14.50%,14.11%,1.46%,15.60%,"39,117","26,283",1.49,,,,,,,,,,,,
08-Oct,4850,320564,"64,924",20.25%,"3,769","244,060",76.13%,95.47%,108,"11,580",3.61%,4.53%,"144,072","3,639,108","2,210,576","1,890,012","43,389","32,901","8,187",11.35,6.9,6.78,14.50%,14.74%,1.54%,15.75%,"39,088","26,655",1.47,,,,,,,,,,,,
09-Oct,4094,324658,"65,314",20.12%,"3,607","247,667",76.29%,95.50%,97,"11,677",3.60%,4.50%,"149,115","3,683,808","2,249,694","1,925,036","44,700","39,118","8,332",11.35,6.93,9.55,14.43%,10.47%,1.28%,14.66%,"39,414","28,410",1.39,,,,,,,,,,,,
10-Oct,4294,328952,"65,706",19.97%,"3,814","251,481",76.45%,95.53%,88,"11,765",3.58%,4.47%,"151,652","3,726,476","2,283,369","1,954,417","42,668","33,675","8,457",11.33,6.94,7.84,14.41%,12.75%,1.32%,14.13%,"39,297","29,775",1.32,,,,,,,,,,,,
11-Oct,4497,333449,"66,578",19.97%,"3,546","255,027",76.48%,95.56%,79,"11,844",3.55%,4.44%,"152,286","3,762,808","2,305,532","1,972,083","36,332","22,163","8,539",11.28,6.91,4.93,14.46%,20.29%,1.37%,14.33%,"39,238","29,850",1.31,,,,,,,,,,,,
12-Oct,3267,336716,"66,262",19.68%,"3,492","258,519",76.78%,95.59%,91,"11,935",3.54%,4.41%,"154,532","3,802,093","2,338,550","2,001,834","39,285","33,018","8,661",11.29,6.95,10.11,14.40%,9.89%,0.98%,13.50%,"40,990","31,314",1.31,,,,,,,,,,,,
13-Oct,3906,340622,"65,299",19.17%,"4,777","263,296",77.30%,95.63%,92,"12,027",3.53%,4.37%,"153,822","3,852,511","2,378,562","2,037,940","50,418","40,012","8,809",11.31,6.98,10.24,14.32%,9.76%,1.16%,12.63%,"43,001","33,293",1.29,,,,,,,,,,,,
14-Oct,4127,344749,"64,742",18.78%,"4,555","267,851",77.69%,95.66%,129,"12,156",3.53%,4.34%,"154,420","3,892,904","2,415,606","2,070,857","40,393","37,044","8,947",11.29,7.01,8.98,14.27%,11.14%,1.21%,12.20%,"42,455","33,990",1.25,,,,,,,,,,,,
15-Oct,4411,349160,"63,231",18.11%,"5,810","273,661",78.38%,95.71%,112,"12,268",3.51%,4.29%,"154,926","3,935,112","2,449,725","2,100,565","42,208","34,119","9,073",11.27,7.02,7.73,14.25%,12.93%,1.28%,11.96%,"42,286","34,164",1.24,,,,,,,,,,,,
16-Oct,4301,353461,"63,570",17.99%,"3,883","277,544",78.52%,95.74%,79,"12,347",3.49%,4.26%,"157,672","3,976,653","2,479,922","2,126,461","41,541","30,197","9,185",11.25,7.02,7.02,14.25%,14.24%,1.23%,12.51%,"41,835","32,890",1.27,,,,,,,,,,,,
17-Oct,4301,357762,"63,739",17.82%,"4,048","281,592",78.71%,95.77%,84,"12,431",3.47%,4.23%,"158,700","4,019,958","2,505,898","2,148,136","43,305","25,976","9,281",11.24,7,6.04,14.28%,16.56%,1.22%,12.95%,"41,926","31,790",1.32,,,,,,,,,,,,
18-Oct,4105,361867,"64,032",17.69%,"3,732","285,324",78.85%,95.80%,80,"12,511",3.46%,4.20%,"159,715","4,056,336","2,528,319","2,166,452","36,378","22,421","9,364",11.21,6.99,5.46,14.31%,18.31%,1.15%,12.76%,"41,933","31,827",1.32,,,,,,,,,,,,
19-Oct,3373,365240,"63,380",17.35%,"3,919","289,243",79.19%,95.82%,106,"12,617",3.45%,4.18%,"162,410","4,092,595","2,553,521","2,188,281","36,259","25,202","9,457",11.21,6.99,7.47,14.30%,13.38%,0.93%,13.27%,"41,500","30,710",1.35,,,,,,,,,,,,
20-Oct,3602,368842,"62,455",16.93%,"4,410","293,653",79.61%,95.84%,117,"12,734",3.45%,4.16%,"160,740","4,123,624","2,583,085","2,214,243","31,029","29,564","9,567",11.18,7,8.21,14.28%,12.18%,0.99%,13.80%,"38,730","29,218",1.33,,,,,,,,,,,,
21-Oct,4267,373109,"62,743",16.82%,"3,856","297,509",79.74%,95.86%,123,"12,857",3.45%,4.14%,"162,216","4,167,210","2,613,682","2,240,573","43,586","30,597","9,680",11.17,7.01,7.17,14.28%,13.95%,1.16%,14.32%,"39,187","28,297",1.38,,,,,,,,,,,,
22-Oct,4432,377541,"63,576",16.84%,"3,497","301,006",79.73%,95.87%,102,"12,959",3.43%,4.13%,"164,346","4,211,138","2,647,094","2,269,553","43,928","33,412","9,804",11.15,7.01,7.54,14.26%,13.26%,1.19%,14.38%,"39,432","28,196",1.4,,,,,,,,,,,,
23-Oct,4369,381910,"63,733",16.69%,"4,094","305,100",79.89%,95.89%,118,"13,077",3.42%,4.11%,"161,763","4,253,425","2,679,774","2,297,864","42,287","32,680","9,925",11.14,7.02,7.48,14.25%,13.37%,1.16%,14.24%,"39,539","28,550",1.38,,,,,,,,,,,,
24-Oct,4070,385980,"63,556",16.47%,"4,119","309,219",80.11%,95.90%,128,"13,205",3.42%,4.10%,"166,380","4,293,347","2,711,239","2,325,259","39,922","31,465","10,042",11.12,7.02,7.73,14.24%,12.94%,1.07%,13.74%,"39,056","29,334",1.33,,,,,,,,,,,,
25-Oct,3732,389712,"62,649",16.08%,"4,545","313,764",80.51%,95.93%,94,"13,299",3.41%,4.07%,"168,918","4,327,144","2,730,231","2,340,519","33,797","18,992","10,112",11.1,7.01,5.09,14.27%,19.65%,0.97%,13.79%,"38,687","28,845",1.34,,,,,,,,,,,,
26-Oct,3222,392934,"61,851",15.74%,"3,908","317,672",80.85%,95.95%,112,"13,411",3.41%,4.05%,"170,163","4,351,557","2,749,269","2,356,335","24,413","19,038","10,182",11.07,7,5.91,14.29%,16.92%,0.83%,14.15%,"36,995","27,964",1.32,,,,,,,,,,,,
27-Oct,3520,396454,"60,694",15.31%,"4,576","322,248",81.28%,95.98%,101,"13,512",3.41%,4.02%,"169,479","4,388,995","2,777,969","2,381,515","37,438","28,700","10,289",11.07,7.01,8.15,14.27%,12.26%,0.90%,14.17%,"37,910","27,841",1.36,,,,,,,,,,,,
28-Oct,4029,400483,"61,078",15.25%,"3,545","325,793",81.35%,95.99%,100,"13,612",3.40%,4.01%,"169,833","4,429,567","2,805,313","2,404,830","40,572","27,344","10,390",11.06,7,6.79,14.28%,14.73%,1.02%,14.28%,"37,480","27,376",1.37,,,,,,,,,,,,
29-Oct,3565,404048,"60,569",14.99%,"3,985","329,778",81.62%,96.01%,89,"13,701",3.39%,3.99%,"68,888","4,463,884","2,830,706","2,426,658","34,317","25,393","10,484",11.05,7.01,7.12,14.27%,14.04%,0.89%,14.44%,"36,107","26,230",1.38,,,,,,,,,,,,
30-Oct,2897,406945,"58,868",14.47%,"4,517","334,295",82.15%,96.04%,81,"13,782",3.39%,3.96%,"68,292","4,488,738","2,853,984","2,447,039","24,854","23,278","10,570",11.03,7.01,8.04,14.26%,12.45%,0.72%,14.37%,"33,616","24,887",1.35,,,,,,,,,,,,
31-Oct,3143,410088,"58,418",14.25%,"3,506","337,801",82.37%,96.06%,87,"13,869",3.38%,3.94%,"67,900","4,517,739","2,881,443","2,471,355","29,001","27,459","10,672",11.02,7.03,8.74,14.23%,11.45%,0.77%,14.16%,"32,056","24,315",1.32,,,,,,,,,,,,
01-Nov,2696,412784,"56,899",13.78%,"4,141","341,942",82.84%,96.08%,74,"13,943",3.38%,3.92%,"61,215","4,540,947","2,899,414","2,486,630","23,208","17,971","10,739",11,7.02,6.67,14.24%,15.00%,0.66%,13.64%,"30,543","24,169",1.26,,,,,,,,,,,,
02-Nov,2618,415402,"55,792",13.43%,"3,624","345,566",83.19%,96.09%,101,"14,044",3.38%,3.91%,"59,500","4,567,608","2,919,560","2,504,158","26,661","20,146","10,813",11,7.03,7.7,14.23%,13.00%,0.63%,13.19%,"30,864","24,327",1.27,,,,,,,,,,,,
03-Nov,2973,418375,"54,732",13.08%,"3,931","349,497",83.54%,96.11%,102,"14,146",3.38%,3.89%,"56,039","4,597,536","2,941,778","2,523,403","29,928","22,218","10,895",10.99,7.03,7.47,14.22%,13.38%,0.72%,13.38%,"29,792","23,401",1.27,,,,,,,,,,,,
